京客隆常营店,朝阳区民族家园13号楼,65484145,8:00-21:00
京客隆双龙店,北京市朝阳区双龙南里204号楼,87315736,8:00--21:30
京客隆康静里店,朝阳区东坝乡单店康静里20号楼,65498793,8:00-21:00
京客隆天达路店,北京市豆各庄乡朝丰家园8号院21号楼地上...,67490307,8:00-21:30
京客隆金盏店,朝阳区金盏乡杨树岗村临742号,84349448,8:00-21:00
京客隆枣营路店,朝阳区麦子店枣营南里10楼,65074383,8:00-21:30
京客隆驼房营店,朝阳区将台路与驼房营路交叉口西南角F地块...,84354510,8:00-21:00
京客隆望京店,北京市朝阳区望京南湖中园211楼,64758592,8:00-21:30
京客隆定福庄店,朝阳区三间房南街3号院1号楼,85074070,8:00-21:30
京客隆东坝店,北京市朝阳区朝新嘉园东里6区1号楼,65789865,8:00-21:00
京客隆北苑店,朝阳区水岸庄园1010号楼,84203136,8:00-21:00
京客隆康营店,朝阳区孙河乡康营家园E03号楼,57627259,8:00-20:30
京客隆星火西路店,北京市朝阳区星火西路17号楼,85854250,8:00-21:30
京客隆里仁街店,西城区里仁街3-2号,83511278,8:00-21:00
京客隆田村店,海淀区永定路乙1号乐府家园1号商业楼,58976140,8:00-21:30
京客隆万柳店,海淀区万柳中路29号院3号楼地下一层,82669779,8:00-21:00
京客隆中关村东路店,海淀区中关村东路109号,82111710,8:00-22:00
京客隆方庄店,丰台方庄南路二号四方景园G2酒店商业项目...,57539510,8:00-21:00
京客隆宋家庄店,丰台区宋庄路71号院1号楼-3号楼负一层,87653073,8:00-21:00
京客隆万年花城店,丰台区万芳园一区19号楼01层商业13-...,63621331,8:00-21:00
京客隆花乡店,丰台区花乡银地花园3号楼底商,83729197,8:30-21:00
京客隆金顶街店,石景山区金顶西街24号,88734587,8:00-21:30
京客隆古城南路店,石景山区八角南路1号,68875609,8:00-21:00
京客隆府前东街店,北京市顺义府前东街金汉绿港家园1区9号楼,89402708,8:00-21:00
京客隆天竺店,顺义区天竺花园天韵阁一层,64567146,8:00-21:00
京客隆西关环岛店,昌平区西关路20号1-4号楼,60714172,8:00-21:00
京客隆新桥店,门头沟区新桥大街79-80号,69861840,8:00-21:00
京客隆亦庄店,大兴亦庄贵园南里,67887367,8:00-21:00
京客隆西红门店,大兴区西红门路6号,67991654,8:30-21:30
京客隆龙旺庄店,通州永顺镇龙旺庄村,89512538,8:00-21:00
京客隆玉带河店,北京市通州区玉带河店东街350号,69531171,8:00-21:00
京客隆北关店,通州区永顺镇后窑上村通州万福家园15号楼,69520961,8:00-21:00
京客隆九棵树店,北京市通州区九棵树东路29号,81518889,8:00-21:00
京客隆通州东关店,通州区新华东街32号,69514469,8:00-21:30
京客隆乔庄店,通州区运乔嘉园34号,81582649,8:00-21:00
京客隆密云店,北京市密云县新南路21号,69082597,8:00-21:00
京客隆怀柔店,怀柔区怀柔镇开放路丙46号（下元市场南侧...,69689149,8:00-21:00
